id;nom;devise;periodicite
1;Technician;SSL New Mexico program;Investment Account Delaware
2;pixel Turkish Lira;facilitate withdrawal systems;mobile vortals
3;withdrawal;customized Auto Loan Account;orchestration harness
4;e-services;Buckinghamshire Future;data-warehouse schemas
5;Croatia Bedfordshire;Togo;array
6;United Kingdom;green Outdoors;deposit fault-tolerant Garden
7;Electronics;SQL;Consultant Industrial PNG
8;matrix;Forward Gorgeous;compressing process improvement Response
9;multi-state customized Rustic Cotton Shirt;indexing;generating
10;utilize SAS;Bedfordshire;Fundamental calculating
